

proxy_domain_rename archive.biomedcentral.com archive-biomedcentral-com
proxy_domain_rename arthritis-research.com arthritis-research-com
proxy_domain_rename breast-cancer-research.com breast-cancer-research-com
proxy_domain_rename ccforum.com ccforum-com
proxy_domain_rename genomebiology.com genomebiology-com
proxy_domain_rename genomemedicine.com genomemedicine-com
proxy_domain_rename jbiol.com jbiol-com
proxy_domain_rename jcmr-online.com jcmr-online-com
proxy_domain_rename respiratory-research.com respiratory-research-com
proxy_domain_rename www.actavetscand.com www-actavetscand-com
proxy_domain_rename www.aidsrestherapy.com www-aidsrestherapy-com
proxy_domain_rename www.almob.org www-almob-org
proxy_domain_rename www.ann-clinmicrob.com www-ann-clinmicrob-com
proxy_domain_rename www.annals-general-psychiatry.com www-annals-general-psychiatry-com
proxy_domain_rename www.anzhealthpolicy.com www-anzhealthpolicy-com
proxy_domain_rename www.apfmj.com www-apfmj-com
proxy_domain_rename www.asir-journal.com www-asir-journal-com
proxy_domain_rename www.behavioralandbrainfunctions.com www-behavioralandbrainfunctions-com
proxy_domain_rename www.biodatamining.org www-biodatamining-org
proxy_domain_rename www.biology-direct.com www-biology-direct-com
proxy_domain_rename www.biomagres.com www-biomagres-com
proxy_domain_rename www.biomedcentral.com www-biomedcentral-com
proxy_domain_rename www.biomedical-engineering-online.com www-biomedical-engineering-online-com
proxy_domain_rename www.biosignaling.com www-biosignaling-com
proxy_domain_rename www.biotechnologyforbiofuels.com www-biotechnologyforbiofuels-com
proxy_domain_rename www.bpsmedicine.com www-bpsmedicine-com
proxy_domain_rename www.cancerci.com www-cancerci-com
proxy_domain_rename www.capmh.com www-capmh-com
proxy_domain_rename www.cardiab.com www-cardiab-com
proxy_domain_rename www.cardiothoracicsurgery.org www-cardiothoracicsurgery-org
proxy_domain_rename www.cardiovascularultrasound.com www-cardiovascularultrasound-com
proxy_domain_rename www.casesjournal.com www-casesjournal-com
proxy_domain_rename www.cbmjournal.com www-cbmjournal-com
proxy_domain_rename www.cellandchromosome.com www-cellandchromosome-com
proxy_domain_rename www.celldiv.com www-celldiv-com
proxy_domain_rename www.cerebrospinalfluidresearch.com www-cerebrospinalfluidresearch-com
proxy_domain_rename www.chiroandosteo.com www-chiroandosteo-com
proxy_domain_rename www.clinicalmolecularallergy.com www-clinicalmolecularallergy-com
proxy_domain_rename www.cmjournal.org www-cmjournal-org
proxy_domain_rename www.comparative-hepatology.com www-comparative-hepatology-com
proxy_domain_rename www.conflictandhealth.com www-conflictandhealth-com
proxy_domain_rename www.coughjournal.com www-coughjournal-com
proxy_domain_rename www.cpementalhealth.com www-cpementalhealth-com
proxy_domain_rename www.diagnosticpathology.org www-diagnosticpathology-org
proxy_domain_rename www.dynamic-med.com www-dynamic-med-com
proxy_domain_rename www.ehjournal.net www-ehjournal-net
proxy_domain_rename www.epi-perspectives.com www-epi-perspectives-com
proxy_domain_rename www.epigeneticsandchromatin.com www-epigeneticsandchromatin-com
proxy_domain_rename www.equityhealthj.com www-equityhealthj-com
proxy_domain_rename www.ete-online.com www-ete-online-com
proxy_domain_rename www.ethnobiomed.com www-ethnobiomed-com
proxy_domain_rename www.fibrogenesis.com www-fibrogenesis-com
proxy_domain_rename www.frontiersinzoology.com www-frontiersinzoology-com
proxy_domain_rename www.geochemicaltransactions.com www-geochemicaltransactions-com
proxy_domain_rename www.globalizationandhealth.com www-globalizationandhealth-com
proxy_domain_rename www.gsejournal.org www-gsejournal-org
proxy_domain_rename www.gutpathogens.com www-gutpathogens-com
proxy_domain_rename www.gvt-journal.com www-gvt-journal-com
proxy_domain_rename www.harmreductionjournal.com www-harmreductionjournal-com
proxy_domain_rename www.hccpjournal.com www-hccpjournal-com
proxy_domain_rename www.head-face-med.com www-head-face-med-com
proxy_domain_rename www.health-policy-systems.com www-health-policy-systems-com
proxy_domain_rename www.hqlo.com www-hqlo-com
proxy_domain_rename www.human-resources-health.com www-human-resources-health-com
proxy_domain_rename www.ij-healthgeographics.com www-ij-healthgeographics-com
proxy_domain_rename www.ijbnpa.org www-ijbnpa-org
proxy_domain_rename www.ijmhs.com www-ijmhs-com
proxy_domain_rename www.ijponline.net www-ijponline-net
proxy_domain_rename www.immunityageing.com www-immunityageing-com
proxy_domain_rename www.immunome-research.com www-immunome-research-com
proxy_domain_rename www.implementationscience.com www-implementationscience-com
proxy_domain_rename www.infectagentscancer.com www-infectagentscancer-com
proxy_domain_rename www.intarchmed.com www-intarchmed-com
proxy_domain_rename www.internationalbreastfeedingjournal.com www-internationalbreastfeedingjournal-com
proxy_domain_rename www.issoonline.com www-issoonline-com
proxy_domain_rename www.j-biomed-discovery.com www-j-biomed-discovery-com
proxy_domain_rename www.jautoimdis.com www-jautoimdis-com
proxy_domain_rename www.jbioleng.org www-jbioleng-org
proxy_domain_rename www.jbppni.com www-jbppni-com
proxy_domain_rename www.jcheminf.com www-jcheminf-com
proxy_domain_rename www.jcircadianrhythms.com www-jcircadianrhythms-com
proxy_domain_rename www.jeccr.com/articles www-jeccr-com/articles
proxy_domain_rename www.jfootankleres.com www-jfootankleres-com
proxy_domain_rename www.jhoonline.org/articles www-jhoonline-org/articles
proxy_domain_rename www.jiasociety.org www-jiasociety-org
proxy_domain_rename www.jibtherapies.com www-jibtherapies-com
proxy_domain_rename www.jissn.com/articles www-jissn-com/articles
proxy_domain_rename www.jmolecularsignaling.com www-jmolecularsignaling-com
proxy_domain_rename www.jnanobiotechnology.com www-jnanobiotechnology-com
proxy_domain_rename www.jneuroengrehab.com www-jneuroengrehab-com
proxy_domain_rename www.jneuroinflammation.com www-jneuroinflammation-com
proxy_domain_rename www.jnrbm.com www-jnrbm-com
proxy_domain_rename www.josr-online.com www-josr-online-com
proxy_domain_rename www.journal-inflammation.com www-journal-inflammation-com
proxy_domain_rename www.journal.chemistrycentral.com www-journal-chemistrycentral-com
proxy_domain_rename www.kinetoplastids.com www-kinetoplastids-com
proxy_domain_rename www.lipidworld.com www-lipidworld-com
proxy_domain_rename www.malariajournal.com www-malariajournal-com
proxy_domain_rename www.medimmunol.com www-medimmunol-com
proxy_domain_rename www.microbialcellfactories.com www-microbialcellfactories-com
proxy_domain_rename www.molecular-cancer.com www-molecular-cancer-com
proxy_domain_rename www.molecularbrain.com www-molecularbrain-com
proxy_domain_rename www.molecularcytogenetics.org www-molecularcytogenetics-org
proxy_domain_rename www.molecularneurodegeneration.com www-molecularneurodegeneration-com
proxy_domain_rename www.molecularpain.com www-molecularpain-com
proxy_domain_rename www.neuraldevelopment.com www-neuraldevelopment-com
proxy_domain_rename www.nonlinearbiomedphys.com www-nonlinearbiomedphys-com
proxy_domain_rename www.nuclear-receptor.com www-nuclear-receptor-com
proxy_domain_rename www.nutritionandmetabolism.com www-nutritionandmetabolism-com
proxy_domain_rename www.nutritionj.com www-nutritionj-com
proxy_domain_rename www.occup-med.com www-occup-med-com
proxy_domain_rename www.ojrd.com www-ojrd-com
proxy_domain_rename www.om-pc.com www-om-pc-com
proxy_domain_rename www.ovarianresearch.com www-ovarianresearch-com
proxy_domain_rename www.parasitesandvectors.com www-parasitesandvectors-com
proxy_domain_rename www.particleandfibretoxicology.com www-particleandfibretoxicology-com
proxy_domain_rename www.pathogeneticsjournal.com www-pathogeneticsjournal-com
proxy_domain_rename www.ped-rheum.com www-ped-rheum-com
proxy_domain_rename www.peh-med.com www-peh-med-com
proxy_domain_rename www.plantmethods.com www-plantmethods-com
proxy_domain_rename www.pophealthmetrics.com www-pophealthmetrics-com
proxy_domain_rename www.proteomesci.com www-proteomesci-com
proxy_domain_rename www.pssjournal.com www-pssjournal-com
proxy_domain_rename www.rbej.com www-rbej-com
proxy_domain_rename www.reproductive-health-journal.com www-reproductive-health-journal-com
proxy_domain_rename www.resource-allocation.com www-resource-allocation-com
proxy_domain_rename www.retrovirology.com www-retrovirology-com
proxy_domain_rename www.ro-journal.com www-ro-journal-com
proxy_domain_rename www.salinesystems.org www-salinesystems-org
proxy_domain_rename www.scfbm.org www-scfbm-org
proxy_domain_rename www.scoliosisjournal.com www-scoliosisjournal-com
proxy_domain_rename www.sjtrem.com www-sjtrem-com
proxy_domain_rename www.smarttjournal.com www-smarttjournal-com
proxy_domain_rename www.substanceabusepolicy.com www-substanceabusepolicy-com
proxy_domain_rename www.tbiomed.com www-tbiomed-com
proxy_domain_rename www.thrombosisjournal.com www-thrombosisjournal-com
proxy_domain_rename www.thyroidresearchjournal.com www-thyroidresearchjournal-com
proxy_domain_rename www.tobaccoinduceddiseases.com www-tobaccoinduceddiseases-com
proxy_domain_rename www.translational-medicine.com www-translational-medicine-com
proxy_domain_rename www.traumamanagement.org www-traumamanagement-org
proxy_domain_rename www.trialsjournal.com www-trialsjournal-com
proxy_domain_rename www.virologyj.com www-virologyj-com
proxy_domain_rename www.wjes.org www-wjes-org
proxy_domain_rename www.wjso.com www-wjso-com
